"Program","Year","Period","Week Ending","Geo Level","State","State ANSI","Ag District","Ag District Code","County","County ANSI","Zip Code","Region","watershed_code","Watershed","Commodity","Data Item","Domain","Domain Category","Value","CV (%)"
"SURVEY","2022","YEAR","","COUNTY","IOWA","19","CENTRAL","50","POLK","153","","","00000000","","CORN","CORN - ACRES PLANTED","TOTAL","NOT SPECIFIED","71,700","2.40"
"SURVEY","2022","YEAR","","COUNTY","IOWA","19","CENTRAL","50","POLK","153","","","00000000","","CORN","CORN, GRAIN - ACRES HARVESTED","TOTAL","NOT SPECIFIED","71,100","2.50"
"SURVEY","2022","YEAR","","COUNTY","IOWA","19","CENTRAL","50","POLK","153","","","00000000","","CORN","CORN, GRAIN - YIELD, MEASURED IN BU / ACRE","TOTAL","NOT SPECIFIED","188.6","2.60"
"SURVEY","2021","YEAR","","COUNTY","IOWA","19","CENTRAL","50","POLK","153","","","00000000","","CORN","CORN - ACRES PLANTED","TOTAL","NOT SPECIFIED","71,000","1.60"
"SURVEY","2021","YEAR","","COUNTY","IOWA","19","CENTRAL","50","POLK","153","","","00000000","","CORN","CORN, GRAIN - ACRES HARVESTED","TOTAL","NOT SPECIFIED","69,600","1.70"
"SURVEY","2021","YEAR","","COUNTY","IOWA","19","CENTRAL","50","POLK","153","","","00000000","","CORN","CORN, GRAIN - YIELD, MEASURED IN BU / ACRE","TOTAL","NOT SPECIFIED","217.5","2.70"
"SURVEY","2020","YEAR","","COUNTY","IOWA","19","CENTRAL","50","POLK","153","","","00000000","","CORN","CORN - ACRES PLANTED","TOTAL","NOT SPECIFIED","76,400","2.7"
"SURVEY","2020","YEAR","","COUNTY","IOWA","19","CENTRAL","50","POLK","153","","","00000000","","CORN","CORN, GRAIN - ACRES HARVESTED","TOTAL","NOT SPECIFIED","71,300","3.7"
"SURVEY","2020","YEAR","","COUNTY","IOWA","19","CENTRAL","50","POLK","153","","","00000000","","CORN","CORN, GRAIN - YIELD, MEASURED IN BU / ACRE","TOTAL","NOT SPECIFIED","150.2","3.7"
"SURVEY","2019","YEAR","","COUNTY","IOWA","19","CENTRAL","50","POLK","153","","","00000000","","CORN","CORN - ACRES PLANTED","TOTAL","NOT SPECIFIED","79,000",""
"SURVEY","2019","YEAR","","COUNTY","IOWA","19","CENTRAL","50","POLK","153","","","00000000","","CORN","CORN, GRAIN - ACRES HARVESTED","TOTAL","NOT SPECIFIED","77,900",""
"SURVEY","2019","YEAR","","COUNTY","IOWA","19","CENTRAL","50","POLK","153","","","00000000","","CORN","CORN, GRAIN - YIELD, MEASURED IN BU / ACRE","TOTAL","NOT SPECIFIED","196.7",""
"SURVEY","2018","YEAR","","COUNTY","IOWA","19","CENTRAL","50","POLK","153","","","00000000","","CORN","CORN - ACRES PLANTED","TOTAL","NOT SPECIFIED","78,000",""
"SURVEY","2018","YEAR","","COUNTY","IOWA","19","CENTRAL","50","POLK","153","","","00000000","","CORN","CORN, GRAIN - ACRES HARVESTED","TOTAL","NOT SPECIFIED","75,800",""
"SURVEY","2018","YEAR","","COUNTY","IOWA","19","CENTRAL","50","POLK","153","","","00000000","","CORN","CORN, GRAIN - YIELD, MEASURED IN BU / ACRE","TOTAL","NOT SPECIFIED","186.2",""
"SURVEY","2017","YEAR","","COUNTY","IOWA","19","CENTRAL","50","POLK","153","","","00000000","","CORN","CORN - ACRES PLANTED","TOTAL","NOT SPECIFIED","79,000",""
"SURVEY","2017","YEAR","","COUNTY","IOWA","19","CENTRAL","50","POLK","153","","","00000000","","CORN","CORN, GRAIN - ACRES HARVESTED","TOTAL","NOT SPECIFIED","78,500",""
"SURVEY","2017","YEAR","","COUNTY","IOWA","19","CENTRAL","50","POLK","153","","","00000000","","CORN","CORN, GRAIN - YIELD, MEASURED IN BU / ACRE","TOTAL","NOT SPECIFIED","200.3",""
"SURVEY","2016","YEAR","","COUNTY","IOWA","19","CENTRAL","50","POLK","153","","","00000000","","CORN","CORN - ACRES PLANTED","TOTAL","NOT SPECIFIED","86,000",""
"SURVEY","2016","YEAR","","COUNTY","IOWA","19","CENTRAL","50","POLK","153","","","00000000","","CORN","CORN, GRAIN - ACRES HARVESTED","TOTAL","NOT SPECIFIED","85,100",""
"SURVEY","2016","YEAR","","COUNTY","IOWA","19","CENTRAL","50","POLK","153","","","00000000","","CORN","CORN, GRAIN - YIELD, MEASURED IN BU / ACRE","TOTAL","NOT SPECIFIED","199.8",""
"SURVEY","2015","YEAR","","COUNTY","IOWA","19","CENTRAL","50","POLK","153","","","00000000","","CORN","CORN - ACRES PLANTED","TOTAL","NOT SPECIFIED","81,500",""
"SURVEY","2015","YEAR","","COUNTY","IOWA","19","CENTRAL","50","POLK","153","","","00000000","","CORN","CORN, GRAIN - ACRES HARVESTED","TOTAL","NOT SPECIFIED","78,500",""
"SURVEY","2015","YEAR","","COUNTY","IOWA","19","CENTRAL","50","POLK","153","","","00000000","","CORN","CORN, GRAIN - YIELD, MEASURED IN BU / ACRE","TOTAL","NOT SPECIFIED","187",""
"SURVEY","2014","YEAR","","COUNTY","IOWA","19","CENTRAL","50","POLK","153","","","00000000","","CORN","CORN - ACRES PLANTED","TOTAL","NOT SPECIFIED","83,500",""
"SURVEY","2014","YEAR","","COUNTY","IOWA","19","CENTRAL","50","POLK","153","","","00000000","","CORN","CORN, GRAIN - ACRES HARVESTED","TOTAL","NOT SPECIFIED","82,100",""
"SURVEY","2014","YEAR","","COUNTY","IOWA","19","CENTRAL","50","POLK","153","","","00000000","","CORN","CORN, GRAIN - YIELD, MEASURED IN BU / ACRE","TOTAL","NOT SPECIFIED","181.4",""
"SURVEY","2013","YEAR","","COUNTY","IOWA","19","CENTRAL","50","POLK","153","","","00000000","","CORN","CORN - ACRES PLANTED","TOTAL","NOT SPECIFIED","83,500",""
"SURVEY","2013","YEAR","","COUNTY","IOWA","19","CENTRAL","50","POLK","153","","","00000000","","CORN","CORN, GRAIN - ACRES HARVESTED","TOTAL","NOT SPECIFIED","81,200",""
"SURVEY","2013","YEAR","","COUNTY","IOWA","19","CENTRAL","50","POLK","153","","","00000000","","CORN","CORN, GRAIN - YIELD, MEASURED IN BU / ACRE","TOTAL","NOT SPECIFIED","143.6",""
"SURVEY","2012","YEAR","","COUNTY","IOWA","19","CENTRAL","50","POLK","153","","","00000000","","CORN","CORN - ACRES PLANTED","TOTAL","NOT SPECIFIED","92,500",""
"SURVEY","2012","YEAR","","COUNTY","IOWA","19","CENTRAL","50","POLK","153","","","00000000","","CORN","CORN, GRAIN - ACRES HARVESTED","TOTAL","NOT SPECIFIED","90,300",""
"SURVEY","2012","YEAR","","COUNTY","IOWA","19","CENTRAL","50","POLK","153","","","00000000","","CORN","CORN, GRAIN - YIELD, MEASURED IN BU / ACRE","TOTAL","NOT SPECIFIED","149.1",""
"SURVEY","2011","YEAR","","COUNTY","IOWA","19","CENTRAL","50","POLK","153","","","00000000","","CORN","CORN - ACRES PLANTED","TOTAL","NOT SPECIFIED","89,000",""
"SURVEY","2011","YEAR","","COUNTY","IOWA","19","CENTRAL","50","POLK","153","","","00000000","","CORN","CORN, GRAIN - ACRES HARVESTED","TOTAL","NOT SPECIFIED","87,100",""
"SURVEY","2011","YEAR","","COUNTY","IOWA","19","CENTRAL","50","POLK","153","","","00000000","","CORN","CORN, GRAIN - YIELD, MEASURED IN BU / ACRE","TOTAL","NOT SPECIFIED","160.6",""
"SURVEY","2010","YEAR","","COUNTY","IOWA","19","CENTRAL","50","POLK","153","","","00000000","","CORN","CORN - ACRES PLANTED","TOTAL","NOT SPECIFIED","87,000",""
"SURVEY","2010","YEAR","","COUNTY","IOWA","19","CENTRAL","50","POLK","153","","","00000000","","CORN","CORN, GRAIN - ACRES HARVESTED","TOTAL","NOT SPECIFIED","84,500",""
"SURVEY","2010","YEAR","","COUNTY","IOWA","19","CENTRAL","50","POLK","153","","","00000000","","CORN","CORN, GRAIN - YIELD, MEASURED IN BU / ACRE","TOTAL","NOT SPECIFIED","139.4",""
"SURVEY","2009","YEAR","","COUNTY","IOWA","19","CENTRAL","50","POLK","153","","","00000000","","CORN","CORN - ACRES PLANTED","TOTAL","NOT SPECIFIED","92,000",""
"SURVEY","2009","YEAR","","COUNTY","IOWA","19","CENTRAL","50","POLK","153","","","00000000","","CORN","CORN, GRAIN - ACRES HARVESTED","TOTAL","NOT SPECIFIED","91,500",""
"SURVEY","2009","YEAR","","COUNTY","IOWA","19","CENTRAL","50","POLK","153","","","00000000","","CORN","CORN, GRAIN - YIELD, MEASURED IN BU / ACRE","TOTAL","NOT SPECIFIED","178.6",""
"SURVEY","2008","YEAR","","COUNTY","IOWA","19","CENTRAL","50","POLK","153","","","00000000","","CORN","CORN - ACRES PLANTED","TOTAL","NOT SPECIFIED","93,500",""
"SURVEY","2008","YEAR","","COUNTY","IOWA","19","CENTRAL","50","POLK","153","","","00000000","","CORN","CORN, GRAIN - ACRES HARVESTED","TOTAL","NOT SPECIFIED","90,000",""
"SURVEY","2008","YEAR","","COUNTY","IOWA","19","CENTRAL","50","POLK","153","","","00000000","","CORN","CORN, GRAIN - YIELD, MEASURED IN BU / ACRE","TOTAL","NOT SPECIFIED","154",""
"SURVEY","2007","YEAR","","COUNTY","IOWA","19","CENTRAL","50","POLK","153","","","00000000","","CORN","CORN - ACRES PLANTED","TOTAL","NOT SPECIFIED","99,000",""
"SURVEY","2007","YEAR","","COUNTY","IOWA","19","CENTRAL","50","POLK","153","","","00000000","","CORN","CORN, GRAIN - ACRES HARVESTED","TOTAL","NOT SPECIFIED","98,500",""
"SURVEY","2007","YEAR","","COUNTY","IOWA","19","CENTRAL","50","POLK","153","","","00000000","","CORN","CORN, GRAIN - YIELD, MEASURED IN BU / ACRE","TOTAL","NOT SPECIFIED","177.8",""
"SURVEY","2006","YEAR","","COUNTY","IOWA","19","CENTRAL","50","POLK","153","","","00000000","","CORN","CORN - ACRES PLANTED","TOTAL","NOT SPECIFIED","89,500",""
"SURVEY","2006","YEAR","","COUNTY","IOWA","19","CENTRAL","50","POLK","153","","","00000000","","CORN","CORN, GRAIN - ACRES HARVESTED","TOTAL","NOT SPECIFIED","89,300",""
"SURVEY","2006","YEAR","","COUNTY","IOWA","19","CENTRAL","50","POLK","153","","","00000000","","CORN","CORN, GRAIN - YIELD, MEASURED IN BU / ACRE","TOTAL","NOT SPECIFIED","171.9",""
"SURVEY","2005","YEAR","","COUNTY","IOWA","19","CENTRAL","50","POLK","153","","","00000000","","CORN","CORN - ACRES PLANTED","TOTAL","NOT SPECIFIED","94,000",""
"SURVEY","2005","YEAR","","COUNTY","IOWA","19","CENTRAL","50","POLK","153","","","00000000","","CORN","CORN, GRAIN - ACRES HARVESTED","TOTAL","NOT SPECIFIED","93,000",""
"SURVEY","2005","YEAR","","COUNTY","IOWA","19","CENTRAL","50","POLK","153","","","00000000","","CORN","CORN, GRAIN - YIELD, MEASURED IN BU / ACRE","TOTAL","NOT SPECIFIED","174.7",""
"SURVEY","2004","YEAR","","COUNTY","IOWA","19","CENTRAL","50","POLK","153","","","00000000","","CORN","CORN - ACRES PLANTED","TOTAL","NOT SPECIFIED","94,500",""
"SURVEY","2004","YEAR","","COUNTY","IOWA","19","CENTRAL","50","POLK","153","","","00000000","","CORN","CORN, GRAIN - ACRES HARVESTED","TOTAL","NOT SPECIFIED","94,000",""
"SURVEY","2004","YEAR","","COUNTY","IOWA","19","CENTRAL","50","POLK","153","","","00000000","","CORN","CORN, GRAIN - YIELD, MEASURED IN BU / ACRE","TOTAL","NOT SPECIFIED","183.4",""
"SURVEY","2003","YEAR","","COUNTY","IOWA","19","CENTRAL","50","POLK","153","","","00000000","","CORN","CORN - ACRES PLANTED","TOTAL","NOT SPECIFIED","89,500",""
"SURVEY","2003","YEAR","","COUNTY","IOWA","19","CENTRAL","50","POLK","153","","","00000000","","CORN","CORN, GRAIN - ACRES HARVESTED","TOTAL","NOT SPECIFIED","88,000",""
"SURVEY","2003","YEAR","","COUNTY","IOWA","19","CENTRAL","50","POLK","153","","","00000000","","CORN","CORN, GRAIN - YIELD, MEASURED IN BU / ACRE","TOTAL","NOT SPECIFIED","165.3",""
"SURVEY","2002","YEAR","","COUNTY","IOWA","19","CENTRAL","50","POLK","153","","","00000000","","CORN","CORN - ACRES PLANTED","TOTAL","NOT SPECIFIED","92,000",""
"SURVEY","2002","YEAR","","COUNTY","IOWA","19","CENTRAL","50","POLK","153","","","00000000","","CORN","CORN, GRAIN - ACRES HARVESTED","TOTAL","NOT SPECIFIED","90,500",""
"SURVEY","2002","YEAR","","COUNTY","IOWA","19","CENTRAL","50","POLK","153","","","00000000","","CORN","CORN, GRAIN - YIELD, MEASURED IN BU / ACRE","TOTAL","NOT SPECIFIED","175.7",""
"SURVEY","2001","YEAR","","COUNTY","IOWA","19","CENTRAL","50","POLK","153","","","00000000","","CORN","CORN - ACRES PLANTED","TOTAL","NOT SPECIFIED","87,000",""
"SURVEY","2001","YEAR","","COUNTY","IOWA","19","CENTRAL","50","POLK","153","","","00000000","","CORN","CORN, GRAIN - ACRES HARVESTED","TOTAL","NOT SPECIFIED","86,200",""
"SURVEY","2001","YEAR","","COUNTY","IOWA","19","CENTRAL","50","POLK","153","","","00000000","","CORN","CORN, GRAIN - YIELD, MEASURED IN BU / ACRE","TOTAL","NOT SPECIFIED","148.7",""
"SURVEY","2000","YEAR","","COUNTY","IOWA","19","CENTRAL","50","POLK","153","","","00000000","","CORN","CORN - ACRES PLANTED","TOTAL","NOT SPECIFIED","89,000",""
"SURVEY","2000","YEAR","","COUNTY","IOWA","19","CENTRAL","50","POLK","153","","","00000000","","CORN","CORN, GRAIN - ACRES HARVESTED","TOTAL","NOT SPECIFIED","88,100",""
"SURVEY","2000","YEAR","","COUNTY","IOWA","19","CENTRAL","50","POLK","153","","","00000000","","CORN","CORN, GRAIN - YIELD, MEASURED IN BU / ACRE","TOTAL","NOT SPECIFIED","154.8",""
"SURVEY","1999","YEAR","","COUNTY","IOWA","19","CENTRAL","50","POLK","153","","","00000000","","CORN","CORN - ACRES PLANTED","TOTAL","NOT SPECIFIED","89,000",""
"SURVEY","1999","YEAR","","COUNTY","IOWA","19","CENTRAL","50","POLK","153","","","00000000","","CORN","CORN, GRAIN - ACRES HARVESTED","TOTAL","NOT SPECIFIED","88,500",""
"SURVEY","1999","YEAR","","COUNTY","IOWA","19","CENTRAL","50","POLK","153","","","00000000","","CORN","CORN, GRAIN - YIELD, MEASURED IN BU / ACRE","TOTAL","NOT SPECIFIED","164.4",""
"SURVEY","1998","YEAR","","COUNTY","IOWA","19","CENTRAL","50","POLK","153","","","00000000","","CORN","CORN - ACRES PLANTED","TOTAL","NOT SPECIFIED","93,700",""
"SURVEY","1998","YEAR","","COUNTY","IOWA","19","CENTRAL","50","POLK","153","","","00000000","","CORN","CORN, GRAIN - ACRES HARVESTED","TOTAL","NOT SPECIFIED","92,900",""
"SURVEY","1998","YEAR","","COUNTY","IOWA","19","CENTRAL","50","POLK","153","","","00000000","","CORN","CORN, GRAIN - YIELD, MEASURED IN BU / ACRE","TOTAL","NOT SPECIFIED","149.2",""
"SURVEY","1997","YEAR","","COUNTY","IOWA","19","CENTRAL","50","POLK","153","","","00000000","","CORN","CORN - ACRES PLANTED","TOTAL","NOT SPECIFIED","93,700",""
"SURVEY","1997","YEAR","","COUNTY","IOWA","19","CENTRAL","50","POLK","153","","","00000000","","CORN","CORN, GRAIN - ACRES HARVESTED","TOTAL","NOT SPECIFIED","92,800",""
"SURVEY","1997","YEAR","","COUNTY","IOWA","19","CENTRAL","50","POLK","153","","","00000000","","CORN","CORN, GRAIN - YIELD, MEASURED IN BU / ACRE","TOTAL","NOT SPECIFIED","149.7",""
"SURVEY","1996","YEAR","","COUNTY","IOWA","19","CENTRAL","50","POLK","153","","","00000000","","CORN","CORN - ACRES PLANTED","TOTAL","NOT SPECIFIED","95,000",""
"SURVEY","1996","YEAR","","COUNTY","IOWA","19","CENTRAL","50","POLK","153","","","00000000","","CORN","CORN, GRAIN - ACRES HARVESTED","TOTAL","NOT SPECIFIED","94,400",""
"SURVEY","1996","YEAR","","COUNTY","IOWA","19","CENTRAL","50","POLK","153","","","00000000","","CORN","CORN, GRAIN - YIELD, MEASURED IN BU / ACRE","TOTAL","NOT SPECIFIED","148.2",""
"SURVEY","1995","YEAR","","COUNTY","IOWA","19","CENTRAL","50","POLK","153","","","00000000","","CORN","CORN - ACRES PLANTED","TOTAL","NOT SPECIFIED","90,000",""
"SURVEY","1995","YEAR","","COUNTY","IOWA","19","CENTRAL","50","POLK","153","","","00000000","","CORN","CORN, GRAIN - ACRES HARVESTED","TOTAL","NOT SPECIFIED","89,400",""
"SURVEY","1995","YEAR","","COUNTY","IOWA","19","CENTRAL","50","POLK","153","","","00000000","","CORN","CORN, GRAIN - YIELD, MEASURED IN BU / ACRE","TOTAL","NOT SPECIFIED","142.9",""
"SURVEY","1994","YEAR","","COUNTY","IOWA","19","CENTRAL","50","POLK","153","","","00000000","","CORN","CORN - ACRES PLANTED","TOTAL","NOT SPECIFIED","96,000",""
"SURVEY","1994","YEAR","","COUNTY","IOWA","19","CENTRAL","50","POLK","153","","","00000000","","CORN","CORN, GRAIN - ACRES HARVESTED","TOTAL","NOT SPECIFIED","95,400",""
"SURVEY","1994","YEAR","","COUNTY","IOWA","19","CENTRAL","50","POLK","153","","","00000000","","CORN","CORN, GRAIN - YIELD, MEASURED IN BU / ACRE","TOTAL","NOT SPECIFIED","167",""
"SURVEY","1993","YEAR","","COUNTY","IOWA","19","CENTRAL","50","POLK","153","","","00000000","","CORN","CORN - ACRES PLANTED","TOTAL","NOT SPECIFIED","89,000",""
"SURVEY","1993","YEAR","","COUNTY","IOWA","19","CENTRAL","50","POLK","153","","","00000000","","CORN","CORN, GRAIN - ACRES HARVESTED","TOTAL","NOT SPECIFIED","81,300",""
"SURVEY","1993","YEAR","","COUNTY","IOWA","19","CENTRAL","50","POLK","153","","","00000000","","CORN","CORN, GRAIN - YIELD, MEASURED IN BU / ACRE","TOTAL","NOT SPECIFIED","94.7",""
"SURVEY","1992","YEAR","","COUNTY","IOWA","19","CENTRAL","50","POLK","153","","","00000000","","CORN","CORN - ACRES PLANTED","TOTAL","NOT SPECIFIED","101,000",""
"SURVEY","1992","YEAR","","COUNTY","IOWA","19","CENTRAL","50","POLK","153","","","00000000","","CORN","CORN, GRAIN - ACRES HARVESTED","TOTAL","NOT SPECIFIED","100,500",""
"SURVEY","1992","YEAR","","COUNTY","IOWA","19","CENTRAL","50","POLK","153","","","00000000","","CORN","CORN, GRAIN - YIELD, MEASURED IN BU / ACRE","TOTAL","NOT SPECIFIED","155",""
"SURVEY","1991","YEAR","","COUNTY","IOWA","19","CENTRAL","50","POLK","153","","","00000000","","CORN","CORN - ACRES PLANTED","TOTAL","NOT SPECIFIED","98,000",""
"SURVEY","1991","YEAR","","COUNTY","IOWA","19","CENTRAL","50","POLK","153","","","00000000","","CORN","CORN, GRAIN - ACRES HARVESTED","TOTAL","NOT SPECIFIED","94,800",""
"SURVEY","1991","YEAR","","COUNTY","IOWA","19","CENTRAL","50","POLK","153","","","00000000","","CORN","CORN, GRAIN - YIELD, MEASURED IN BU / ACRE","TOTAL","NOT SPECIFIED","111.2",""
"SURVEY","1990","YEAR","","COUNTY","IOWA","19","CENTRAL","50","POLK","153","","","00000000","","CORN","CORN - ACRES PLANTED","TOTAL","NOT SPECIFIED","102,000",""
"SURVEY","1990","YEAR","","COUNTY","IOWA","19","CENTRAL","50","POLK","153","","","00000000","","CORN","CORN, GRAIN - ACRES HARVESTED","TOTAL","NOT SPECIFIED","97,400",""
"SURVEY","1990","YEAR","","COUNTY","IOWA","19","CENTRAL","50","POLK","153","","","00000000","","CORN","CORN, GRAIN - YIELD, MEASURED IN BU / ACRE","TOTAL","NOT SPECIFIED","124.3",""
"SURVEY","1989","YEAR","","COUNTY","IOWA","19","CENTRAL","50","POLK","153","","","00000000","","CORN","CORN - ACRES PLANTED","TOTAL","NOT SPECIFIED","100,000",""
"SURVEY","1989","YEAR","","COUNTY","IOWA","19","CENTRAL","50","POLK","153","","","00000000","","CORN","CORN, GRAIN - ACRES HARVESTED","TOTAL","NOT SPECIFIED","99,000",""
"SURVEY","1989","YEAR","","COUNTY","IOWA","19","CENTRAL","50","POLK","153","","","00000000","","CORN","CORN, GRAIN - YIELD, MEASURED IN BU / ACRE","TOTAL","NOT SPECIFIED","128.2",""
"SURVEY","1988","YEAR","","COUNTY","IOWA","19","CENTRAL","50","POLK","153","","","00000000","","CORN","CORN - ACRES PLANTED","TOTAL","NOT SPECIFIED","86,000",""
"SURVEY","1988","YEAR","","COUNTY","IOWA","19","CENTRAL","50","POLK","153","","","00000000","","CORN","CORN, GRAIN - ACRES HARVESTED","TOTAL","NOT SPECIFIED","85,000",""
"SURVEY","1988","YEAR","","COUNTY","IOWA","19","CENTRAL","50","POLK","153","","","00000000","","CORN","CORN, GRAIN - YIELD, MEASURED IN BU / ACRE","TOTAL","NOT SPECIFIED","86.4",""
"SURVEY","1987","YEAR","","COUNTY","IOWA","19","CENTRAL","50","POLK","153","","","00000000","","CORN","CORN - ACRES PLANTED","TOTAL","NOT SPECIFIED","79,000",""
"SURVEY","1987","YEAR","","COUNTY","IOWA","19","CENTRAL","50","POLK","153","","","00000000","","CORN","CORN, GRAIN - ACRES HARVESTED","TOTAL","NOT SPECIFIED","78,400",""
"SURVEY","1987","YEAR","","COUNTY","IOWA","19","CENTRAL","50","POLK","153","","","00000000","","CORN","CORN, GRAIN - YIELD, MEASURED IN BU / ACRE","TOTAL","NOT SPECIFIED","144.5",""
"SURVEY","1986","YEAR","","COUNTY","IOWA","19","CENTRAL","50","POLK","153","","","00000000","","CORN","CORN - ACRES PLANTED","TOTAL","NOT SPECIFIED","88,000",""
"SURVEY","1986","YEAR","","COUNTY","IOWA","19","CENTRAL","50","POLK","153","","","00000000","","CORN","CORN, GRAIN - ACRES HARVESTED","TOTAL","NOT SPECIFIED","86,200",""
"SURVEY","1986","YEAR","","COUNTY","IOWA","19","CENTRAL","50","POLK","153","","","00000000","","CORN","CORN, GRAIN - YIELD, MEASURED IN BU / ACRE","TOTAL","NOT SPECIFIED","126",""
"SURVEY","1985","YEAR","","COUNTY","IOWA","19","CENTRAL","50","POLK","153","","","00000000","","CORN","CORN - ACRES PLANTED","TOTAL","NOT SPECIFIED","100,000",""
"SURVEY","1985","YEAR","","COUNTY","IOWA","19","CENTRAL","50","POLK","153","","","00000000","","CORN","CORN, GRAIN - ACRES HARVESTED","TOTAL","NOT SPECIFIED","98,200",""
"SURVEY","1985","YEAR","","COUNTY","IOWA","19","CENTRAL","50","POLK","153","","","00000000","","CORN","CORN, GRAIN - YIELD, MEASURED IN BU / ACRE","TOTAL","NOT SPECIFIED","116.6",""
"SURVEY","1984","YEAR","","COUNTY","IOWA","19","CENTRAL","50","POLK","153","","","00000000","","CORN","CORN - ACRES PLANTED","TOTAL","NOT SPECIFIED","97,000",""
"SURVEY","1984","YEAR","","COUNTY","IOWA","19","CENTRAL","50","POLK","153","","","00000000","","CORN","CORN, GRAIN - ACRES HARVESTED","TOTAL","NOT SPECIFIED","95,000",""
"SURVEY","1984","YEAR","","COUNTY","IOWA","19","CENTRAL","50","POLK","153","","","00000000","","CORN","CORN, GRAIN - YIELD, MEASURED IN BU / ACRE","TOTAL","NOT SPECIFIED","121.1",""
"SURVEY","1983","YEAR","","COUNTY","IOWA","19","CENTRAL","50","POLK","153","","","00000000","","CORN","CORN - ACRES PLANTED","TOTAL","NOT SPECIFIED","68,000",""
"SURVEY","1983","YEAR","","COUNTY","IOWA","19","CENTRAL","50","POLK","153","","","00000000","","CORN","CORN, GRAIN - ACRES HARVESTED","TOTAL","NOT SPECIFIED","66,800",""
"SURVEY","1983","YEAR","","COUNTY","IOWA","19","CENTRAL","50","POLK","153","","","00000000","","CORN","CORN, GRAIN - YIELD, MEASURED IN BU / ACRE","TOTAL","NOT SPECIFIED","93.5",""
"SURVEY","1982","YEAR","","COUNTY","IOWA","19","CENTRAL","50","POLK","153","","","00000000","","CORN","CORN - ACRES PLANTED","TOTAL","NOT SPECIFIED","103,000",""
"SURVEY","1982","YEAR","","COUNTY","IOWA","19","CENTRAL","50","POLK","153","","","00000000","","CORN","CORN, GRAIN - ACRES HARVESTED","TOTAL","NOT SPECIFIED","101,200",""
"SURVEY","1982","YEAR","","COUNTY","IOWA","19","CENTRAL","50","POLK","153","","","00000000","","CORN","CORN, GRAIN - YIELD, MEASURED IN BU / ACRE","TOTAL","NOT SPECIFIED","124.6",""
"SURVEY","1981","YEAR","","COUNTY","IOWA","19","CENTRAL","50","POLK","153","","","00000000","","CORN","CORN - ACRES PLANTED","TOTAL","NOT SPECIFIED","118,000",""
"SURVEY","1981","YEAR","","COUNTY","IOWA","19","CENTRAL","50","POLK","153","","","00000000","","CORN","CORN, GRAIN - ACRES HARVESTED","TOTAL","NOT SPECIFIED","116,700",""
"SURVEY","1981","YEAR","","COUNTY","IOWA","19","CENTRAL","50","POLK","153","","","00000000","","CORN","CORN, GRAIN - YIELD, MEASURED IN BU / ACRE","TOTAL","NOT SPECIFIED","133.5",""
"SURVEY","1980","YEAR","","COUNTY","IOWA","19","CENTRAL","50","POLK","153","","","00000000","","CORN","CORN - ACRES PLANTED","TOTAL","NOT SPECIFIED","113,000",""
"SURVEY","1980","YEAR","","COUNTY","IOWA","19","CENTRAL","50","POLK","153","","","00000000","","CORN","CORN, GRAIN - ACRES HARVESTED","TOTAL","NOT SPECIFIED","110,000",""
"SURVEY","1980","YEAR","","COUNTY","IOWA","19","CENTRAL","50","POLK","153","","","00000000","","CORN","CORN, GRAIN - YIELD, MEASURED IN BU / ACRE","TOTAL","NOT SPECIFIED","100",""
"SURVEY","1979","YEAR","","COUNTY","IOWA","19","CENTRAL","50","POLK","153","","","00000000","","CORN","CORN - ACRES PLANTED","TOTAL","NOT SPECIFIED","117,000",""
"SURVEY","1979","YEAR","","COUNTY","IOWA","19","CENTRAL","50","POLK","153","","","00000000","","CORN","CORN, GRAIN - ACRES HARVESTED","TOTAL","NOT SPECIFIED","114,000",""
"SURVEY","1979","YEAR","","COUNTY","IOWA","19","CENTRAL","50","POLK","153","","","00000000","","CORN","CORN, GRAIN - YIELD, MEASURED IN BU / ACRE","TOTAL","NOT SPECIFIED","128.1",""
"SURVEY","1978","YEAR","","COUNTY","IOWA","19","CENTRAL","50","POLK","153","","","00000000","","CORN","CORN - ACRES PLANTED","TOTAL","NOT SPECIFIED","113,000",""
"SURVEY","1978","YEAR","","COUNTY","IOWA","19","CENTRAL","50","POLK","153","","","00000000","","CORN","CORN, GRAIN - ACRES HARVESTED","TOTAL","NOT SPECIFIED","110,000",""
"SURVEY","1978","YEAR","","COUNTY","IOWA","19","CENTRAL","50","POLK","153","","","00000000","","CORN","CORN, GRAIN - YIELD, MEASURED IN BU / ACRE","TOTAL","NOT SPECIFIED","112.3",""
"SURVEY","1977","YEAR","","COUNTY","IOWA","19","CENTRAL","50","POLK","153","","","00000000","","CORN","CORN - ACRES PLANTED","TOTAL","NOT SPECIFIED","127,700",""
"SURVEY","1977","YEAR","","COUNTY","IOWA","19","CENTRAL","50","POLK","153","","","00000000","","CORN","CORN, GRAIN - ACRES HARVESTED","TOTAL","NOT SPECIFIED","119,700",""
"SURVEY","1977","YEAR","","COUNTY","IOWA","19","CENTRAL","50","POLK","153","","","00000000","","CORN","CORN, GRAIN - YIELD, MEASURED IN BU / ACRE","TOTAL","NOT SPECIFIED","61.3",""
"SURVEY","1976","YEAR","","COUNTY","IOWA","19","CENTRAL","50","POLK","153","","","00000000","","CORN","CORN - ACRES PLANTED","TOTAL","NOT SPECIFIED","120,600",""
"SURVEY","1976","YEAR","","COUNTY","IOWA","19","CENTRAL","50","POLK","153","","","00000000","","CORN","CORN, GRAIN - ACRES HARVESTED","TOTAL","NOT SPECIFIED","118,000",""
"SURVEY","1976","YEAR","","COUNTY","IOWA","19","CENTRAL","50","POLK","153","","","00000000","","CORN","CORN, GRAIN - YIELD, MEASURED IN BU / ACRE","TOTAL","NOT SPECIFIED","108",""
"SURVEY","1975","YEAR","","COUNTY","IOWA","19","CENTRAL","50","POLK","153","","","00000000","","CORN","CORN - ACRES PLANTED","TOTAL","NOT SPECIFIED","119,000",""
"SURVEY","1975","YEAR","","COUNTY","IOWA","19","CENTRAL","50","POLK","153","","","00000000","","CORN","CORN, GRAIN - ACRES HARVESTED","TOTAL","NOT SPECIFIED","115,700",""
"SURVEY","1975","YEAR","","COUNTY","IOWA","19","CENTRAL","50","POLK","153","","","00000000","","CORN","CORN, GRAIN - YIELD, MEASURED IN BU / ACRE","TOTAL","NOT SPECIFIED","86.9",""
"SURVEY","1974","YEAR","","COUNTY","IOWA","19","CENTRAL","50","POLK","153","","","00000000","","CORN","CORN - ACRES PLANTED","TOTAL","NOT SPECIFIED","115,900",""
"SURVEY","1974","YEAR","","COUNTY","IOWA","19","CENTRAL","50","POLK","153","","","00000000","","CORN","CORN, GRAIN - ACRES HARVESTED","TOTAL","NOT SPECIFIED","111,100",""
"SURVEY","1974","YEAR","","COUNTY","IOWA","19","CENTRAL","50","POLK","153","","","00000000","","CORN","CORN, GRAIN - YIELD, MEASURED IN BU / ACRE","TOTAL","NOT SPECIFIED","75",""
"SURVEY","1973","YEAR","","COUNTY","IOWA","19","CENTRAL","50","POLK","153","","","00000000","","CORN","CORN - ACRES PLANTED","TOTAL","NOT SPECIFIED","104,800",""
"SURVEY","1973","YEAR","","COUNTY","IOWA","19","CENTRAL","50","POLK","153","","","00000000","","CORN","CORN, GRAIN - ACRES HARVESTED","TOTAL","NOT SPECIFIED","102,800",""
"SURVEY","1973","YEAR","","COUNTY","IOWA","19","CENTRAL","50","POLK","153","","","00000000","","CORN","CORN, GRAIN - YIELD, MEASURED IN BU / ACRE","TOTAL","NOT SPECIFIED","112.4",""
"SURVEY","1972","YEAR","","COUNTY","IOWA","19","CENTRAL","50","POLK","153","","","00000000","","CORN","CORN - ACRES PLANTED","TOTAL","NOT SPECIFIED","102,300",""
"SURVEY","1972","YEAR","","COUNTY","IOWA","19","CENTRAL","50","POLK","153","","","00000000","","CORN","CORN, GRAIN - ACRES HARVESTED","TOTAL","NOT SPECIFIED","100,200",""
"SURVEY","1972","YEAR","","COUNTY","IOWA","19","CENTRAL","50","POLK","153","","","00000000","","CORN","CORN, GRAIN - YIELD, MEASURED IN BU / ACRE","TOTAL","NOT SPECIFIED","119",""
"SURVEY","1971","YEAR","","COUNTY","IOWA","19","CENTRAL","50","POLK","153","","","00000000","","CORN","CORN - ACRES PLANTED","TOTAL","NOT SPECIFIED","110,700",""
"SURVEY","1971","YEAR","","COUNTY","IOWA","19","CENTRAL","50","POLK","153","","","00000000","","CORN","CORN, GRAIN - ACRES HARVESTED","TOTAL","NOT SPECIFIED","108,400",""
"SURVEY","1971","YEAR","","COUNTY","IOWA","19","CENTRAL","50","POLK","153","","","00000000","","CORN","CORN, GRAIN - YIELD, MEASURED IN BU / ACRE","TOTAL","NOT SPECIFIED","103.2",""
"SURVEY","1970","YEAR","","COUNTY","IOWA","19","CENTRAL","50","POLK","153","","","00000000","","CORN","CORN - ACRES PLANTED","TOTAL","NOT SPECIFIED","97,400",""
"SURVEY","1970","YEAR","","COUNTY","IOWA","19","CENTRAL","50","POLK","153","","","00000000","","CORN","CORN, GRAIN - ACRES HARVESTED","TOTAL","NOT SPECIFIED","94,600",""
"SURVEY","1970","YEAR","","COUNTY","IOWA","19","CENTRAL","50","POLK","153","","","00000000","","CORN","CORN, GRAIN - YIELD, MEASURED IN BU / ACRE","TOTAL","NOT SPECIFIED","95.7",""
"SURVEY","1969","YEAR","","COUNTY","IOWA","19","CENTRAL","50","POLK","153","","","00000000","","CORN","CORN - ACRES PLANTED","TOTAL","NOT SPECIFIED","97,000",""
"SURVEY","1969","YEAR","","COUNTY","IOWA","19","CENTRAL","50","POLK","153","","","00000000","","CORN","CORN, GRAIN - ACRES HARVESTED","TOTAL","NOT SPECIFIED","89,000",""
"SURVEY","1969","YEAR","","COUNTY","IOWA","19","CENTRAL","50","POLK","153","","","00000000","","CORN","CORN, GRAIN - YIELD, MEASURED IN BU / ACRE","TOTAL","NOT SPECIFIED","102",""
"SURVEY","1968","YEAR","","COUNTY","IOWA","19","CENTRAL","50","POLK","153","","","00000000","","CORN","CORN - ACRES PLANTED","TOTAL","NOT SPECIFIED","99,800",""
"SURVEY","1968","YEAR","","COUNTY","IOWA","19","CENTRAL","50","POLK","153","","","00000000","","CORN","CORN, GRAIN - ACRES HARVESTED","TOTAL","NOT SPECIFIED","98,000",""
"SURVEY","1968","YEAR","","COUNTY","IOWA","19","CENTRAL","50","POLK","153","","","00000000","","CORN","CORN, GRAIN - YIELD, MEASURED IN BU / ACRE","TOTAL","NOT SPECIFIED","93.3",""
"SURVEY","1967","YEAR","","COUNTY","IOWA","19","CENTRAL","50","POLK","153","","","00000000","","CORN","CORN - ACRES PLANTED","TOTAL","NOT SPECIFIED","120,400",""
"SURVEY","1967","YEAR","","COUNTY","IOWA","19","CENTRAL","50","POLK","153","","","00000000","","CORN","CORN, GRAIN - ACRES HARVESTED","TOTAL","NOT SPECIFIED","111,000",""
"SURVEY","1967","YEAR","","COUNTY","IOWA","19","CENTRAL","50","POLK","153","","","00000000","","CORN","CORN, GRAIN - YIELD, MEASURED IN BU / ACRE","TOTAL","NOT SPECIFIED","84.4",""
"SURVEY","1966","YEAR","","COUNTY","IOWA","19","CENTRAL","50","POLK","153","","","00000000","","CORN","CORN - ACRES PLANTED","TOTAL","NOT SPECIFIED","102,100",""
"SURVEY","1966","YEAR","","COUNTY","IOWA","19","CENTRAL","50","POLK","153","","","00000000","","CORN","CORN, GRAIN - ACRES HARVESTED","TOTAL","NOT SPECIFIED","100,100",""
"SURVEY","1966","YEAR","","COUNTY","IOWA","19","CENTRAL","50","POLK","153","","","00000000","","CORN","CORN, GRAIN - YIELD, MEASURED IN BU / ACRE","TOTAL","NOT SPECIFIED","87.5",""
"SURVEY","1965","YEAR","","COUNTY","IOWA","19","CENTRAL","50","POLK","153","","","00000000","","CORN","CORN - ACRES PLANTED","TOTAL","NOT SPECIFIED","101,800",""
"SURVEY","1965","YEAR","","COUNTY","IOWA","19","CENTRAL","50","POLK","153","","","00000000","","CORN","CORN, GRAIN - ACRES HARVESTED","TOTAL","NOT SPECIFIED","99,000",""
"SURVEY","1965","YEAR","","COUNTY","IOWA","19","CENTRAL","50","POLK","153","","","00000000","","CORN","CORN, GRAIN - YIELD, MEASURED IN BU / ACRE","TOTAL","NOT SPECIFIED","83.5",""
"SURVEY","1964","YEAR","","COUNTY","IOWA","19","CENTRAL","50","POLK","153","","","00000000","","CORN","CORN - ACRES PLANTED","TOTAL","NOT SPECIFIED","99,900",""
"SURVEY","1964","YEAR","","COUNTY","IOWA","19","CENTRAL","50","POLK","153","","","00000000","","CORN","CORN, GRAIN - ACRES HARVESTED","TOTAL","NOT SPECIFIED","97,200",""
"SURVEY","1964","YEAR","","COUNTY","IOWA","19","CENTRAL","50","POLK","153","","","00000000","","CORN","CORN, GRAIN - YIELD, MEASURED IN BU / ACRE","TOTAL","NOT SPECIFIED","86.8",""
"SURVEY","1963","YEAR","","COUNTY","IOWA","19","CENTRAL","50","POLK","153","","","00000000","","CORN","CORN - ACRES PLANTED","TOTAL","NOT SPECIFIED","102,200",""
"SURVEY","1963","YEAR","","COUNTY","IOWA","19","CENTRAL","50","POLK","153","","","00000000","","CORN","CORN, GRAIN - ACRES HARVESTED","TOTAL","NOT SPECIFIED","99,000",""
"SURVEY","1963","YEAR","","COUNTY","IOWA","19","CENTRAL","50","POLK","153","","","00000000","","CORN","CORN, GRAIN - YIELD, MEASURED IN BU / ACRE","TOTAL","NOT SPECIFIED","84",""
"SURVEY","1962","YEAR","","COUNTY","IOWA","19","CENTRAL","50","POLK","153","","","00000000","","CORN","CORN - ACRES PLANTED","TOTAL","NOT SPECIFIED","87,000",""
"SURVEY","1962","YEAR","","COUNTY","IOWA","19","CENTRAL","50","POLK","153","","","00000000","","CORN","CORN, GRAIN - ACRES HARVESTED","TOTAL","NOT SPECIFIED","84,000",""
"SURVEY","1962","YEAR","","COUNTY","IOWA","19","CENTRAL","50","POLK","153","","","00000000","","CORN","CORN, GRAIN - YIELD, MEASURED IN BU / ACRE","TOTAL","NOT SPECIFIED","81.3",""
"SURVEY","1961","YEAR","","COUNTY","IOWA","19","CENTRAL","50","POLK","153","","","00000000","","CORN","CORN - ACRES PLANTED","TOTAL","NOT SPECIFIED","88,600",""
"SURVEY","1961","YEAR","","COUNTY","IOWA","19","CENTRAL","50","POLK","153","","","00000000","","CORN","CORN, GRAIN - ACRES HARVESTED","TOTAL","NOT SPECIFIED","86,500",""
"SURVEY","1961","YEAR","","COUNTY","IOWA","19","CENTRAL","50","POLK","153","","","00000000","","CORN","CORN, GRAIN - YIELD, MEASURED IN BU / ACRE","TOTAL","NOT SPECIFIED","77.5",""
"SURVEY","1960","YEAR","","COUNTY","IOWA","19","CENTRAL","50","POLK","153","","","00000000","","CORN","CORN - ACRES PLANTED","TOTAL","NOT SPECIFIED","116,500",""
"SURVEY","1960","YEAR","","COUNTY","IOWA","19","CENTRAL","50","POLK","153","","","00000000","","CORN","CORN, GRAIN - ACRES HARVESTED","TOTAL","NOT SPECIFIED","113,500",""
"SURVEY","1960","YEAR","","COUNTY","IOWA","19","CENTRAL","50","POLK","153","","","00000000","","CORN","CORN, GRAIN - YIELD, MEASURED IN BU / ACRE","TOTAL","NOT SPECIFIED","63.2",""
"SURVEY","1959","YEAR","","COUNTY","IOWA","19","CENTRAL","50","POLK","153","","","00000000","","CORN","CORN - ACRES PLANTED","TOTAL","NOT SPECIFIED","113,600",""
"SURVEY","1959","YEAR","","COUNTY","IOWA","19","CENTRAL","50","POLK","153","","","00000000","","CORN","CORN, GRAIN - ACRES HARVESTED","TOTAL","NOT SPECIFIED","111,800",""
"SURVEY","1959","YEAR","","COUNTY","IOWA","19","CENTRAL","50","POLK","153","","","00000000","","CORN","CORN, GRAIN - YIELD, MEASURED IN BU / ACRE","TOTAL","NOT SPECIFIED","65.4",""
"SURVEY","1958","YEAR","","COUNTY","IOWA","19","CENTRAL","50","POLK","153","","","00000000","","CORN","CORN - ACRES PLANTED","TOTAL","NOT SPECIFIED","80,600",""
"SURVEY","1958","YEAR","","COUNTY","IOWA","19","CENTRAL","50","POLK","153","","","00000000","","CORN","CORN, GRAIN - ACRES HARVESTED","TOTAL","NOT SPECIFIED","79,000",""
"SURVEY","1958","YEAR","","COUNTY","IOWA","19","CENTRAL","50","POLK","153","","","00000000","","CORN","CORN, GRAIN - YIELD, MEASURED IN BU / ACRE","TOTAL","NOT SPECIFIED","71.3",""
"SURVEY","1957","YEAR","","COUNTY","IOWA","19","CENTRAL","50","POLK","153","","","00000000","","CORN","CORN - ACRES PLANTED","TOTAL","NOT SPECIFIED","88,200",""
"SURVEY","1957","YEAR","","COUNTY","IOWA","19","CENTRAL","50","POLK","153","","","00000000","","CORN","CORN, GRAIN - ACRES HARVESTED","TOTAL","NOT SPECIFIED","85,800",""
"SURVEY","1957","YEAR","","COUNTY","IOWA","19","CENTRAL","50","POLK","153","","","00000000","","CORN","CORN, GRAIN - YIELD, MEASURED IN BU / ACRE","TOTAL","NOT SPECIFIED","59.3",""
"SURVEY","1956","YEAR","","COUNTY","IOWA","19","CENTRAL","50","POLK","153","","","00000000","","CORN","CORN - ACRES PLANTED","TOTAL","NOT SPECIFIED","94,300",""
"SURVEY","1956","YEAR","","COUNTY","IOWA","19","CENTRAL","50","POLK","153","","","00000000","","CORN","CORN, GRAIN - ACRES HARVESTED","TOTAL","NOT SPECIFIED","75,700",""
"SURVEY","1956","YEAR","","COUNTY","IOWA","19","CENTRAL","50","POLK","153","","","00000000","","CORN","CORN, GRAIN - YIELD, MEASURED IN BU / ACRE","TOTAL","NOT SPECIFIED","40.4",""
"SURVEY","1955","YEAR","","COUNTY","IOWA","19","CENTRAL","50","POLK","153","","","00000000","","CORN","CORN - ACRES PLANTED","TOTAL","NOT SPECIFIED","105,100",""
"SURVEY","1955","YEAR","","COUNTY","IOWA","19","CENTRAL","50","POLK","153","","","00000000","","CORN","CORN, GRAIN - ACRES HARVESTED","TOTAL","NOT SPECIFIED","102,400",""
"SURVEY","1955","YEAR","","COUNTY","IOWA","19","CENTRAL","50","POLK","153","","","00000000","","CORN","CORN, GRAIN - YIELD, MEASURED IN BU / ACRE","TOTAL","NOT SPECIFIED","53.3",""
"SURVEY","1954","YEAR","","COUNTY","IOWA","19","CENTRAL","50","POLK","153","","","00000000","","CORN","CORN - ACRES PLANTED","TOTAL","NOT SPECIFIED","97,900",""
"SURVEY","1954","YEAR","","COUNTY","IOWA","19","CENTRAL","50","POLK","153","","","00000000","","CORN","CORN, GRAIN - ACRES HARVESTED","TOTAL","NOT SPECIFIED","93,900",""
"SURVEY","1954","YEAR","","COUNTY","IOWA","19","CENTRAL","50","POLK","153","","","00000000","","CORN","CORN, GRAIN - YIELD, MEASURED IN BU / ACRE","TOTAL","NOT SPECIFIED","54.8",""
"SURVEY","1953","YEAR","","COUNTY","IOWA","19","CENTRAL","50","POLK","153","","","00000000","","CORN","CORN - ACRES PLANTED","TOTAL","NOT SPECIFIED","114,600",""
"SURVEY","1953","YEAR","","COUNTY","IOWA","19","CENTRAL","50","POLK","153","","","00000000","","CORN","CORN, GRAIN - ACRES HARVESTED","TOTAL","NOT SPECIFIED","109,900",""
"SURVEY","1953","YEAR","","COUNTY","IOWA","19","CENTRAL","50","POLK","153","","","00000000","","CORN","CORN, GRAIN - YIELD, MEASURED IN BU / ACRE","TOTAL","NOT SPECIFIED","55.8",""
"SURVEY","1952","YEAR","","COUNTY","IOWA","19","CENTRAL","50","POLK","153","","","00000000","","CORN","CORN - ACRES PLANTED","TOTAL","NOT SPECIFIED","109,600",""
"SURVEY","1952","YEAR","","COUNTY","IOWA","19","CENTRAL","50","POLK","153","","","00000000","","CORN","CORN, GRAIN - ACRES HARVESTED","TOTAL","NOT SPECIFIED","107,600",""
"SURVEY","1952","YEAR","","COUNTY","IOWA","19","CENTRAL","50","POLK","153","","","00000000","","CORN","CORN, GRAIN - YIELD, MEASURED IN BU / ACRE","TOTAL","NOT SPECIFIED","62",""
"SURVEY","1951","YEAR","","COUNTY","IOWA","19","CENTRAL","50","POLK","153","","","00000000","","CORN","CORN - ACRES PLANTED","TOTAL","NOT SPECIFIED","110,100",""
"SURVEY","1951","YEAR","","COUNTY","IOWA","19","CENTRAL","50","POLK","153","","","00000000","","CORN","CORN, GRAIN - ACRES HARVESTED","TOTAL","NOT SPECIFIED","105,800",""
"SURVEY","1951","YEAR","","COUNTY","IOWA","19","CENTRAL","50","POLK","153","","","00000000","","CORN","CORN, GRAIN - YIELD, MEASURED IN BU / ACRE","TOTAL","NOT SPECIFIED","46.2",""
"SURVEY","1950","YEAR","","COUNTY","IOWA","19","CENTRAL","50","POLK","153","","","00000000","","CORN","CORN - ACRES PLANTED","TOTAL","NOT SPECIFIED","98,100",""
"SURVEY","1950","YEAR","","COUNTY","IOWA","19","CENTRAL","50","POLK","153","","","00000000","","CORN","CORN, GRAIN - ACRES HARVESTED","TOTAL","NOT SPECIFIED","95,300",""
"SURVEY","1950","YEAR","","COUNTY","IOWA","19","CENTRAL","50","POLK","153","","","00000000","","CORN","CORN, GRAIN - YIELD, MEASURED IN BU / ACRE","TOTAL","NOT SPECIFIED","51.3",""
"SURVEY","1949","YEAR","","COUNTY","IOWA","19","CENTRAL","50","POLK","153","","","00000000","","CORN","CORN - ACRES PLANTED","TOTAL","NOT SPECIFIED","122,700",""
"SURVEY","1949","YEAR","","COUNTY","IOWA","19","CENTRAL","50","POLK","153","","","00000000","","CORN","CORN, GRAIN - ACRES HARVESTED","TOTAL","NOT SPECIFIED","118,000",""
"SURVEY","1949","YEAR","","COUNTY","IOWA","19","CENTRAL","50","POLK","153","","","00000000","","CORN","CORN, GRAIN - YIELD, MEASURED IN BU / ACRE","TOTAL","NOT SPECIFIED","50.2",""
"SURVEY","1948","YEAR","","COUNTY","IOWA","19","CENTRAL","50","POLK","153","","","00000000","","CORN","CORN - ACRES PLANTED","TOTAL","NOT SPECIFIED","117,500",""
"SURVEY","1948","YEAR","","COUNTY","IOWA","19","CENTRAL","50","POLK","153","","","00000000","","CORN","CORN, GRAIN - ACRES HARVESTED","TOTAL","NOT SPECIFIED","111,600",""
"SURVEY","1948","YEAR","","COUNTY","IOWA","19","CENTRAL","50","POLK","153","","","00000000","","CORN","CORN, GRAIN - YIELD, MEASURED IN BU / ACRE","TOTAL","NOT SPECIFIED","64.3",""
"SURVEY","1947","YEAR","","COUNTY","IOWA","19","CENTRAL","50","POLK","153","","","00000000","","CORN","CORN - ACRES PLANTED","TOTAL","NOT SPECIFIED","109,500",""
"SURVEY","1947","YEAR","","COUNTY","IOWA","19","CENTRAL","50","POLK","153","","","00000000","","CORN","CORN, GRAIN - ACRES HARVESTED","TOTAL","NOT SPECIFIED","91,900",""
"SURVEY","1947","YEAR","","COUNTY","IOWA","19","CENTRAL","50","POLK","153","","","00000000","","CORN","CORN, GRAIN - YIELD, MEASURED IN BU / ACRE","TOTAL","NOT SPECIFIED","27.1",""
"SURVEY","1946","YEAR","","COUNTY","IOWA","19","CENTRAL","50","POLK","153","","","00000000","","CORN","CORN - ACRES PLANTED","TOTAL","NOT SPECIFIED","121,600",""
"SURVEY","1946","YEAR","","COUNTY","IOWA","19","CENTRAL","50","POLK","153","","","00000000","","CORN","CORN, GRAIN - ACRES HARVESTED","TOTAL","NOT SPECIFIED","118,200",""
"SURVEY","1946","YEAR","","COUNTY","IOWA","19","CENTRAL","50","POLK","153","","","00000000","","CORN","CORN, GRAIN - YIELD, MEASURED IN BU / ACRE","TOTAL","NOT SPECIFIED","61.2",""
"SURVEY","1945","YEAR","","COUNTY","IOWA","19","CENTRAL","50","POLK","153","","","00000000","","CORN","CORN - ACRES PLANTED","TOTAL","NOT SPECIFIED","113,900",""
"SURVEY","1945","YEAR","","COUNTY","IOWA","19","CENTRAL","50","POLK","153","","","00000000","","CORN","CORN, GRAIN - ACRES HARVESTED","TOTAL","NOT SPECIFIED","109,500",""
"SURVEY","1945","YEAR","","COUNTY","IOWA","19","CENTRAL","50","POLK","153","","","00000000","","CORN","CORN, GRAIN - YIELD, MEASURED IN BU / ACRE","TOTAL","NOT SPECIFIED","52.5",""
"SURVEY","1944","YEAR","","COUNTY","IOWA","19","CENTRAL","50","POLK","153","","","00000000","","CORN","CORN - ACRES PLANTED","TOTAL","NOT SPECIFIED","106,400",""
"SURVEY","1944","YEAR","","COUNTY","IOWA","19","CENTRAL","50","POLK","153","","","00000000","","CORN","CORN, GRAIN - ACRES HARVESTED","TOTAL","NOT SPECIFIED","99,600",""
"SURVEY","1944","YEAR","","COUNTY","IOWA","19","CENTRAL","50","POLK","153","","","00000000","","CORN","CORN, GRAIN - YIELD, MEASURED IN BU / ACRE","TOTAL","NOT SPECIFIED","54.9",""
"SURVEY","1943","YEAR","","COUNTY","IOWA","19","CENTRAL","50","POLK","153","","","00000000","","CORN","CORN - ACRES PLANTED","TOTAL","NOT SPECIFIED","109,700",""
"SURVEY","1943","YEAR","","COUNTY","IOWA","19","CENTRAL","50","POLK","153","","","00000000","","CORN","CORN, GRAIN - ACRES HARVESTED","TOTAL","NOT SPECIFIED","105,900",""
"SURVEY","1943","YEAR","","COUNTY","IOWA","19","CENTRAL","50","POLK","153","","","00000000","","CORN","CORN, GRAIN - YIELD, MEASURED IN BU / ACRE","TOTAL","NOT SPECIFIED","60.1",""
"SURVEY","1942","YEAR","","COUNTY","IOWA","19","CENTRAL","50","POLK","153","","","00000000","","CORN","CORN - ACRES PLANTED","TOTAL","NOT SPECIFIED","96,600",""
"SURVEY","1942","YEAR","","COUNTY","IOWA","19","CENTRAL","50","POLK","153","","","00000000","","CORN","CORN, GRAIN - ACRES HARVESTED","TOTAL","NOT SPECIFIED","93,900",""
"SURVEY","1942","YEAR","","COUNTY","IOWA","19","CENTRAL","50","POLK","153","","","00000000","","CORN","CORN, GRAIN - YIELD, MEASURED IN BU / ACRE","TOTAL","NOT SPECIFIED","63.3",""
"SURVEY","1941","YEAR","","COUNTY","IOWA","19","CENTRAL","50","POLK","153","","","00000000","","CORN","CORN - ACRES PLANTED","TOTAL","NOT SPECIFIED","91,832",""
"SURVEY","1941","YEAR","","COUNTY","IOWA","19","CENTRAL","50","POLK","153","","","00000000","","CORN","CORN, GRAIN - ACRES HARVESTED","TOTAL","NOT SPECIFIED","89,488",""
"SURVEY","1941","YEAR","","COUNTY","IOWA","19","CENTRAL","50","POLK","153","","","00000000","","CORN","CORN, GRAIN - YIELD, MEASURED IN BU / ACRE","TOTAL","NOT SPECIFIED","55.8",""
"SURVEY","1940","YEAR","","COUNTY","IOWA","19","CENTRAL","50","POLK","153","","","00000000","","CORN","CORN - ACRES PLANTED","TOTAL","NOT SPECIFIED","90,463",""
"SURVEY","1940","YEAR","","COUNTY","IOWA","19","CENTRAL","50","POLK","153","","","00000000","","CORN","CORN, GRAIN - ACRES HARVESTED","TOTAL","NOT SPECIFIED","87,492",""
"SURVEY","1940","YEAR","","COUNTY","IOWA","19","CENTRAL","50","POLK","153","","","00000000","","CORN","CORN, GRAIN - YIELD, MEASURED IN BU / ACRE","TOTAL","NOT SPECIFIED","56.4",""
"SURVEY","1939","YEAR","","COUNTY","IOWA","19","CENTRAL","50","POLK","153","","","00000000","","CORN","CORN - ACRES PLANTED","TOTAL","NOT SPECIFIED","96,442",""
"SURVEY","1939","YEAR","","COUNTY","IOWA","19","CENTRAL","50","POLK","153","","","00000000","","CORN","CORN, GRAIN - ACRES HARVESTED","TOTAL","NOT SPECIFIED","93,497",""
"SURVEY","1939","YEAR","","COUNTY","IOWA","19","CENTRAL","50","POLK","153","","","00000000","","CORN","CORN, GRAIN - YIELD, MEASURED IN BU / ACRE","TOTAL","NOT SPECIFIED","56.8",""
"SURVEY","1938","YEAR","","COUNTY","IOWA","19","CENTRAL","50","POLK","153","","","00000000","","CORN","CORN - ACRES PLANTED","TOTAL","NOT SPECIFIED","107,022",""
"SURVEY","1938","YEAR","","COUNTY","IOWA","19","CENTRAL","50","POLK","153","","","00000000","","CORN","CORN, GRAIN - ACRES HARVESTED","TOTAL","NOT SPECIFIED","102,430",""
"SURVEY","1938","YEAR","","COUNTY","IOWA","19","CENTRAL","50","POLK","153","","","00000000","","CORN","CORN, GRAIN - YIELD, MEASURED IN BU / ACRE","TOTAL","NOT SPECIFIED","48.3",""
"SURVEY","1937","YEAR","","COUNTY","IOWA","19","CENTRAL","50","POLK","153","","","00000000","","CORN","CORN - ACRES PLANTED","TOTAL","NOT SPECIFIED","115,623",""
"SURVEY","1937","YEAR","","COUNTY","IOWA","19","CENTRAL","50","POLK","153","","","00000000","","CORN","CORN, GRAIN - ACRES HARVESTED","TOTAL","NOT SPECIFIED","108,067",""
"SURVEY","1937","YEAR","","COUNTY","IOWA","19","CENTRAL","50","POLK","153","","","00000000","","CORN","CORN, GRAIN - YIELD, MEASURED IN BU / ACRE","TOTAL","NOT SPECIFIED","48.8",""
"SURVEY","1936","YEAR","","COUNTY","IOWA","19","CENTRAL","50","POLK","153","","","00000000","","CORN","CORN - ACRES PLANTED","TOTAL","NOT SPECIFIED","116,875",""
"SURVEY","1936","YEAR","","COUNTY","IOWA","19","CENTRAL","50","POLK","153","","","00000000","","CORN","CORN, GRAIN - ACRES HARVESTED","TOTAL","NOT SPECIFIED","95,838",""
"SURVEY","1936","YEAR","","COUNTY","IOWA","19","CENTRAL","50","POLK","153","","","00000000","","CORN","CORN, GRAIN - YIELD, MEASURED IN BU / ACRE","TOTAL","NOT SPECIFIED","23.2",""
"SURVEY","1935","YEAR","","COUNTY","IOWA","19","CENTRAL","50","POLK","153","","","00000000","","CORN","CORN - ACRES PLANTED","TOTAL","NOT SPECIFIED","103,681",""
"SURVEY","1935","YEAR","","COUNTY","IOWA","19","CENTRAL","50","POLK","153","","","00000000","","CORN","CORN, GRAIN - ACRES HARVESTED","TOTAL","NOT SPECIFIED","95,185",""
"SURVEY","1935","YEAR","","COUNTY","IOWA","19","CENTRAL","50","POLK","153","","","00000000","","CORN","CORN, GRAIN - YIELD, MEASURED IN BU / ACRE","TOTAL","NOT SPECIFIED","41.5",""
"SURVEY","1934","YEAR","","COUNTY","IOWA","19","CENTRAL","50","POLK","153","","","00000000","","CORN","CORN - ACRES PLANTED","TOTAL","NOT SPECIFIED","103,681",""
"SURVEY","1934","YEAR","","COUNTY","IOWA","19","CENTRAL","50","POLK","153","","","00000000","","CORN","CORN, GRAIN - ACRES HARVESTED","TOTAL","NOT SPECIFIED","95,185",""
"SURVEY","1934","YEAR","","COUNTY","IOWA","19","CENTRAL","50","POLK","153","","","00000000","","CORN","CORN, GRAIN - YIELD, MEASURED IN BU / ACRE","TOTAL","NOT SPECIFIED","41.5",""
"SURVEY","1933","YEAR","","COUNTY","IOWA","19","CENTRAL","50","POLK","153","","","00000000","","CORN","CORN - ACRES PLANTED","TOTAL","NOT SPECIFIED","116,708",""
"SURVEY","1933","YEAR","","COUNTY","IOWA","19","CENTRAL","50","POLK","153","","","00000000","","CORN","CORN, GRAIN - ACRES HARVESTED","TOTAL","NOT SPECIFIED","108,574",""
"SURVEY","1933","YEAR","","COUNTY","IOWA","19","CENTRAL","50","POLK","153","","","00000000","","CORN","CORN, GRAIN - YIELD, MEASURED IN BU / ACRE","TOTAL","NOT SPECIFIED","44.2",""
"SURVEY","1932","YEAR","","COUNTY","IOWA","19","CENTRAL","50","POLK","153","","","00000000","","CORN","CORN - ACRES PLANTED","TOTAL","NOT SPECIFIED","124,642",""
"SURVEY","1932","YEAR","","COUNTY","IOWA","19","CENTRAL","50","POLK","153","","","00000000","","CORN","CORN, GRAIN - ACRES HARVESTED","TOTAL","NOT SPECIFIED","117,612",""
"SURVEY","1932","YEAR","","COUNTY","IOWA","19","CENTRAL","50","POLK","153","","","00000000","","CORN","CORN, GRAIN - YIELD, MEASURED IN BU / ACRE","TOTAL","NOT SPECIFIED","45.1",""
"SURVEY","1931","YEAR","","COUNTY","IOWA","19","CENTRAL","50","POLK","153","","","00000000","","CORN","CORN - ACRES PLANTED","TOTAL","NOT SPECIFIED","125,907",""
"SURVEY","1931","YEAR","","COUNTY","IOWA","19","CENTRAL","50","POLK","153","","","00000000","","CORN","CORN, GRAIN - ACRES HARVESTED","TOTAL","NOT SPECIFIED","116,169",""
"SURVEY","1931","YEAR","","COUNTY","IOWA","19","CENTRAL","50","POLK","153","","","00000000","","CORN","CORN, GRAIN - YIELD, MEASURED IN BU / ACRE","TOTAL","NOT SPECIFIED","43.1",""
"SURVEY","1930","YEAR","","COUNTY","IOWA","19","CENTRAL","50","POLK","153","","","00000000","","CORN","CORN - ACRES PLANTED","TOTAL","NOT SPECIFIED","121,223",""
"SURVEY","1930","YEAR","","COUNTY","IOWA","19","CENTRAL","50","POLK","153","","","00000000","","CORN","CORN, GRAIN - ACRES HARVESTED","TOTAL","NOT SPECIFIED","103,844",""
"SURVEY","1930","YEAR","","COUNTY","IOWA","19","CENTRAL","50","POLK","153","","","00000000","","CORN","CORN, GRAIN - YIELD, MEASURED IN BU / ACRE","TOTAL","NOT SPECIFIED","30",""
"SURVEY","1929","YEAR","","COUNTY","IOWA","19","CENTRAL","50","POLK","153","","","00000000","","CORN","CORN - ACRES PLANTED","TOTAL","NOT SPECIFIED","119,357",""
"SURVEY","1929","YEAR","","COUNTY","IOWA","19","CENTRAL","50","POLK","153","","","00000000","","CORN","CORN, GRAIN - ACRES HARVESTED","TOTAL","NOT SPECIFIED","110,095",""
"SURVEY","1929","YEAR","","COUNTY","IOWA","19","CENTRAL","50","POLK","153","","","00000000","","CORN","CORN, GRAIN - YIELD, MEASURED IN BU / ACRE","TOTAL","NOT SPECIFIED","41",""
"SURVEY","1928","YEAR","","COUNTY","IOWA","19","CENTRAL","50","POLK","153","","","00000000","","CORN","CORN - ACRES PLANTED","TOTAL","NOT SPECIFIED","120,549",""
"SURVEY","1928","YEAR","","COUNTY","IOWA","19","CENTRAL","50","POLK","153","","","00000000","","CORN","CORN, GRAIN - ACRES HARVESTED","TOTAL","NOT SPECIFIED","110,367",""
"SURVEY","1928","YEAR","","COUNTY","IOWA","19","CENTRAL","50","POLK","153","","","00000000","","CORN","CORN, GRAIN - YIELD, MEASURED IN BU / ACRE","TOTAL","NOT SPECIFIED","45.3",""
"SURVEY","1927","YEAR","","COUNTY","IOWA","19","CENTRAL","50","POLK","153","","","00000000","","CORN","CORN - ACRES PLANTED","TOTAL","NOT SPECIFIED","114,249",""
"SURVEY","1927","YEAR","","COUNTY","IOWA","19","CENTRAL","50","POLK","153","","","00000000","","CORN","CORN, GRAIN - ACRES HARVESTED","TOTAL","NOT SPECIFIED","101,090",""
"SURVEY","1927","YEAR","","COUNTY","IOWA","19","CENTRAL","50","POLK","153","","","00000000","","CORN","CORN, GRAIN - YIELD, MEASURED IN BU / ACRE","TOTAL","NOT SPECIFIED","39.4",""
"SURVEY","1926","YEAR","","COUNTY","IOWA","19","CENTRAL","50","POLK","153","","","00000000","","CORN","CORN - ACRES PLANTED","TOTAL","NOT SPECIFIED","118,178",""
"SURVEY","1926","YEAR","","COUNTY","IOWA","19","CENTRAL","50","POLK","153","","","00000000","","CORN","CORN, GRAIN - ACRES HARVESTED","TOTAL","NOT SPECIFIED","107,818",""
"SURVEY","1926","YEAR","","COUNTY","IOWA","19","CENTRAL","50","POLK","153","","","00000000","","CORN","CORN, GRAIN - YIELD, MEASURED IN BU / ACRE","TOTAL","NOT SPECIFIED","43.2",""
